sku,brand,name,would_fix_by_map,map_primary
HU69800,HUNTER,Arnés Hilo Comfort,no,
HU204982,HUNTER,Comedero Cerámica Osby,no,
COA90513A,PET HEAD,Furtastic champú,no,
KVP0140,KVP,Bite Free,no,
HU67867,HUNTER,Pullover Malmö,no,
CR05017NE,RED DINGO,Correa lisa multiposición,no,
JU03050,KONG,KONG Aqua,no,
COA47203A,COMPANY OF ANIMALS,Halti anatomy correa multiposición,no,
HU69902,HUNTER,Collar Love,no,
HU67463,HUNTER,Arnés Hilo Comfort,no,
CR05013TQ,RED DINGO,Correa lisa,no,
HU208470,HUNTER,COLLAR HAVANNA 45-65/XL PLASTIC GREIGE,no,
JU04158,KONG,KONG CoreStrength Bone,no,
PT05061NE,RED DINGO,Petral No-Pull,no,
JU05106,KONG,KONG Halloween Snuzzles Assorted M,no,
HU69737,HUNTER,Abrigo Milford,no,
CL05012RO,RED DINGO,Collar liso perro,no,
YOWUP221,YOWUP,MILKY LICK CHICKEN,no,
COA47312ZG1,COMPANY OF ANIMALS,ANATOMY COLLAR VERDE XS,no,
KVP0017,KVP,KONG Quick Fit,no,
PT05041SBT,RED DINGO,Petral Style,no,
CR05012RO,RED DINGO,Correa lisa,no,
VE04780CO,DGS,Impermeable Acacia Coral,no,
HU63148,HUNTER,Collar Convenience,no,
HU65547,HUNTER,Bozal Albury,no,
HU42048,HUNTER,Collar Swiss,no,
COA90661A,PET HEAD,On All Paws paw butter,no,
HU66623,HUNTER,Arnés Hilo Comfort,no,
CR00691NA,SPRENGER,Sprenger biothane® corre multiposición 230cm naranja,no,
HU67480,HUNTER,Arnés Hilo Comfort,no,
HU43968,HUNTER,Collar Vario Basic Alu - Strong,no,
PT05024MA,RED DINGO,Petral liso,no,
CL00542,SPRENGER,Collar eslabón retorcido,no,
CR05013NE,RED DINGO,Correa lisa,no,
YOWUP130,YOWUP,Kefir DUCK & PUNKIN DIG 115 g (Box 10 Units,no,
HU68011,HUNTER,Arnés London Comfort Naranja,no,
COA15403ZG1,COMPANY OF ANIMALS,Arnés halti antitirones,no,
JU04311,KONG,KONG Rewards Tennis,no,
PT05044SBR,RED DINGO,Petral Style,no,
HU62876,HUNTER,Pullover Malmö,no,
HU67876,HUNTER,Pullover Malmö,no,
HU69816,HUNTER,Arnés Hilo Comfort,no,
HU67870,HUNTER,Pullover Malmö,no,
KVP0022,KVP,Check,no,
COA47303ZG1,COMPANY OF ANIMALS,ANATOMY COLLAR GRIS L,no,
CR05013FX,RED DINGO,Correa lisa,no,
CL00312,SPRENGER,Collar eslabón retorcido,no,
HU69792,HUNTER,Arnés Hilo Comfort,no,
HU67871,HUNTER,Pullover Malmö,no,
CL00072,SPRENGER,Collar eslabón largo,no,
HU201764,HUNTER,Arnés Divo Up,no,
VE04781CO,DGS,Impermeable Acacia Coral,no,
CR05041SCG,RED DINGO,Correa Style,no,
HU201799,HUNTER,Arnés Soho Mini,no,
CL05022NE,RED DINGO,Acople para dos perros,no,
COA47105A,COMPANY OF ANIMALS,Halti anatomy arnés turquesa,no,
JU03015,KONG,KONG Extreme,no,
CL00079,SPRENGER,Collar eslabón retorcido,no,
CR05041SBT,RED DINGO,Correa Style,no,
VE04785NE,DGS,Impermeable Acacia Negro,no,
JU03550,KONG,KONG Scrunch Knots Fox,no,
COA90333A,PET HEAD,Ditch the Dirt spray,no,
PT05054MO,RED DINGO,Petral acolchado Red Dingo,no,
CL00225,SPRENGER,Collar eslabón corto,no,
CL05044SCG,RED DINGO,Collar Style,no,
HU69770,HUNTER,Arnés Maldon Up,no,
PT05021MA,RED DINGO,Petral liso,no,
CL00313,SPRENGER,Collar eslabón retorcido,no,
MFP035,MEN FOR SAN,Champú aceite de visón,no,
HU67262,HUNTER,Collar Aalborg Special,no,
JU03001,KONG,KONG Classic,no,
JU03972,KONG,KONG Shells Bear,no,
COA47304ZG1,COMPANY OF ANIMALS,ANATOMY COLLAR TURQUESA XS,no,
HU66056,HUNTER,Collar Aalborg,no,
COA47302ZG1,COMPANY OF ANIMALS,ANATOMY COLLAR GRIS M,no,
HU64118,HUNTER,Collar Neopren Reflect,no,
HU69691,HUNTER,Collar Inari Alu - Strong,no,
HU47551,HUNTER,Collar Softie,no,
CR05043SPR,RED DINGO,Correa Style,no,
CL05013RJ,RED DINGO,Collar liso perro,no,
KVP0026,KVP,Check,no,
CR05042STV,RED DINGO,Correa Style,no,
CL00077,SPRENGER,Collar eslabón largo,no,
HU68063,HUNTER,Arnés London Comfort Lima,no,
AL01281,KONG,KONG Snacks Bacon & Cheese,no,
HU200286,HUNTER,Cama Rockford,no,
PT05042STV,RED DINGO,Petral Style,no,
HU67602,HUNTER,Correa ajustable Hilo,no,
HU68065,HUNTER,Arnés London Comfort Lima,no,
COA15414ZG1,COMPANY OF ANIMALS,Arnés halti antitirones,no,
HU69805,HUNTER,Arnés Hilo Comfort,no,
CL05042SBT,RED DINGO,Collar Style,no,
JU04176,KONG,KONG Ring,no,
HU62971,HUNTER,Abrigo Uppsala,no,
HU66610,HUNTER,Collar Hilo Vario Plus,no,
PT05066MO,RED DINGO,Petral No-Pull,no,
JU04283,KONG,KONG Shakers Honkers Duck,no,
PT05066NE,RED DINGO,Petral No-Pull,no,
JU03029,KONG,KONG Goodie Bone,no,
HU67139,HUNTER,Arnés Hilo Comfort,no,
HU63151,HUNTER,Collar Convenience,no,
CU03123,ANDIS,Juego peines de alzada,no,
HU66037,HUNTER,Collar Aalborg,no,
COATB03,COMPANY OF ANIMALS,Boomer ball,no,
HU208482,HUNTER,COLLAR HAVANNA 40/S PLASTIC BLACKBERRY,no,
YOWUP370,YOWUP,BONE BROTH CHICKEN ( Box 12units),no,
HU201747,HUNTER,Arnés Divo Up,no,
CR05016TQ,RED DINGO,Correa lisa multiposición,no,
HU47772,HUNTER,Collar Softie,no,
HU68013,HUNTER,Arnés London Comfort Naranja,no,
JU04169,KONG,KONG Squeezz Action,no,
HU204991,HUNTER,Comedero Cerámica Osby,no,
HU68136,HUNTER,Arnés London Comfort Marrón,no,
PT05060RJ,RED DINGO,Petral No-Pull,no,
PT05066FX,RED DINGO,Petral No-Pull,no,
HU69791,HUNTER,Arnés Hilo Comfort,no,
COA29260B,COMPANY OF ANIMALS,Carsafe Crash Tested Dog Harness,no,
HU203462,HUNTER,Abrigo Paxson,no,
CR05011AM,RED DINGO,Correa lisa,no,
CR05016MA,RED DINGO,Correa lisa multiposición,no,
CL00075,SPRENGER,Collar eslabón largo,no,
PT05042SBT,RED DINGO,Petral Style,no,
CR05012LM,RED DINGO,Correa lisa,no,
PT05022NE,RED DINGO,Petral liso,no,
ADAP005,CEVA,Collar,no,
HU47878,HUNTER,Collar Vario Basic Alu - Strong,no,
CL03050MA,RED DINGO,Collar liso extra-ancho,no,
COA47313ZG1,COMPANY OF ANIMALS,ANATOMY COLLAR VERDE S,no,
CL05012TQ,RED DINGO,Collar liso perro,no,
CR05012MO,RED DINGO,Correa lisa,no,
HU208464,HUNTER,COLLAR HAVANNA 30-45/M PLASTIC GREIGE,no,
HU67878,HUNTER,Pullover Malmö,no,
COATB05,COMPANY OF ANIMALS,Boomer ball,no,
JU03599,KONG,KONG Jumbler Ball,no,
CA04005MA,DGS,Dirty dog doormat,no,
PT05042SLR,RED DINGO,Petral Style,no,
COA90413A,PET HEAD,Quick Fix 2in1 champú,no,
PT05022NA,RED DINGO,Petral liso,no,
HU208611,HUNTER,SOFA LOPPA 60X40 CM POLYESTER BROWN,no,
CD00101LI,UNITED PETS,Recambio Bon Ton Nano,no,
KVP0020,KVP,Check,no,
HU208595,HUNTER,CUSHION DOG/CAT LOPPA 60 CM POLYESTER BROWN,no,
CR05011FX,RED DINGO,Correa lisa,no,
KVP0141,KVP,Bite Free,no,
CR04695AC,FLEXI,Correa Puppy cinta,no,
MFP285,MEN FOR SAN,Champú Aloe Vera,no,
HU66580,HUNTER,Comedero Anti - glotón Atlanta,no,
HU201807,HUNTER,Arnés Soho Mini,no,
JU03287,KONG,KONG Squiggles Assorted,no,
HU66684,HUNTER,Arnés Hilo Comfort,no,
HU65046,HUNTER,Cama Lancaster,no,
KVP0043,KVP,Saf-T-Clear,no,
HU208609,HUNTER,SOFA LOPPA 100X70 CM POLYESTER ANTHRACITE,no,
CR05013MA,RED DINGO,Correa lisa,no,
HU92089,HUNTER,Comedero de Melamina,no,
COA47112A,COMPANY OF ANIMALS,Halti anatomy arnés burdeos,no,
COA15412ZG1,COMPANY OF ANIMALS,Arnés halti antitirones,no,
HU68015,HUNTER,Arnés London Comfort Naranja,no,
KVP0040,KVP,Saf-T-Clear,no,
COA11240A,COMPANY OF ANIMALS,Bozal halti headcollar,no,
HU66074,HUNTER,Collar Aalborg,no,
HU64119,HUNTER,Collar Neopren Reflect,no,
CR05016BL,RED DINGO,Correa lisa multiposición,no,
COA90322A,PET HEAD,Ditch the Dirt acondicionador,no,
HU204928,HUNTER,Sofa Kumara 60x40 cm Polyester khaki,no,
PT05020NE,RED DINGO,Petral liso,no,
PT05053RJ,RED DINGO,Petral acolchado Red Dingo,no,
HU68923,HUNTER,Collar Convenience,no,
HU69765,HUNTER,Arnés Maldon Up,no,
HU42158,HUNTER,Collar Swiss,no,
COA18124ZG2,COMPANY OF ANIMALS,Bozal halti headcollar,no,
PT05052GR,RED DINGO,Petral acolchado Red Dingo,no,
VE04784NE,DGS,Impermeable Acacia Negro,no,
CL00207,SPRENGER,Collar eslabón retorcido,no,
JU03555,KONG,KONG Scrunch Knots Racoon,no,
HU68337,HUNTER,Collar Aalborg,no,
COA18153ZG2,COMPANY OF ANIMALS,Bozal halti headcollar,no,
HU204901,HUNTER,Comedero Luton,no,
CL05041SBT,RED DINGO,Collar Style,no,
HU67243,HUNTER,Collar Aalborg Special,no,
PT05062NE,RED DINGO,Petral No-Pull,no,
COA18154ZG2,COMPANY OF ANIMALS,Bozal halti headcollar,no,
HU67479,HUNTER,Arnés Hilo Comfort,no,
HU68894,HUNTER,Correa ajustable Hilo,no,
PT05054RJ,RED DINGO,Petral acolchado Red Dingo,no,
HU68089,HUNTER,Arnés London Comfort Antracita,no,
CL00073,SPRENGER,Collar eslabón largo,no,
HU201808,HUNTER,Arnés Soho Mini,no,
COA90233A,PET HEAD,Mucky Puppy spray,no,
HU69782,HUNTER,Arnés Maldon Up,no,
HU69810,HUNTER,Arnés Hilo Comfort,no,
HU69686,HUNTER,Collar Inari Alu - Strong,no,
CR05043SPB,RED DINGO,Correa Style,no,
CR05017RJ,RED DINGO,Correa lisa multiposición,no,
COA64620A,COMPANY OF ANIMALS,Baskerville classic basket bozal,no,
COA47115A,COMPANY OF ANIMALS,Halti anatomy arnés verde,no,
MFP029979,MEN FOR SAN,Champú árbol de té,no,
HU66073,HUNTER,Collar Aalborg,no,
HU208593,HUNTER,CUSHION DOG/CAT LOPPA 50 CM POLYESTER BROWN,no,
COA47201A,COMPANY OF ANIMALS,Halti anatomy correa multiposición,no,
HU69749,HUNTER,Abrigo Milford,no,
CR05014FX,RED DINGO,Correa lisa,no,
HU208601,HUNTER,SOFA LOPPA 80X60 CM POLYESTER WHITE,no,
HU208416,HUNTER,COLLAR HAVANNA 50/M PLASTIC BLACK,no,
MFP015,MEN FOR SAN,Champú pelo Negro,no,
HU67137,HUNTER,Arnés Hilo Comfort,no,
HU61803,HUNTER,Colchón Antibacterias Gent,no,
HU63138,HUNTER,Collar Convenience,no,
MFP055,MEN FOR SAN,Champú acondicionador,no,
JU03025,KONG,KONG Dental with rope,no,
HU66664,HUNTER,Arnés Hilo Comfort,no,
HU66054,HUNTER,Collar Aalborg,no,
COCOSI797,COCOSI,Estofado casero para perro de ternera,no,
JU03286,KONG,KONG Squiggles Assorted,no,
CL05012RJ,RED DINGO,Collar liso perro,no,
CL00690RO,SPRENGER,Sprenger biothane® correa corta 35cm rosa,no,
COA29360B,COMPANY OF ANIMALS,Carsafe Crash Tested Dog Harness,no,
CR05042SPR,RED DINGO,Correa Style,no,
HU69676,HUNTER,Abrigo Milford,no,
CR05017MO,RED DINGO,Correa lisa multiposición,no,
COA90433A,PET HEAD,Quick Fix spray,no,
HU203466,HUNTER,Abrigo Paxson,no,
HU68336,HUNTER,Collar Aalborg,no,
CR05016MO,RED DINGO,Correa lisa multiposición,no,
JU03455,KONG,KONG Tires,no,
HU69767,HUNTER,Arnés Maldon Up,no,
HU201796,HUNTER,Arnés Soho Mini,no,
HU208653,HUNTER,SOFA ORTHOPEDIC CORBIE 80X60 CM POLYESTER GREEN,no,
HU69789,HUNTER,Arnés Hilo Comfort,no,
PT05065RJ,RED DINGO,Petral No-Pull,no,
HU67601,HUNTER,Correa ajustable Hilo,no,
CL00344,SPRENGER,Collar eslabón corto,no,
HU69662,HUNTER,Abrigo Milford,no,
HU203460,HUNTER,Abrigo Paxson,no,
HU69500,HUNTER,Pullover Malmö,no,
PT05020LM,RED DINGO,Petral liso,no,
PT05053GR,RED DINGO,Petral acolchado Red Dingo,no,
COA29021B,COMPANY OF ANIMALS,Carsafe Dog Travel Harness,no,
COA15404ZG1,COMPANY OF ANIMALS,Arnés halti antitirones,no,
PT05041SPF,RED DINGO,Petral Style,no,
HU66666,HUNTER,Arnés Hilo Comfort,no,
CL00204,SPRENGER,Collar eslabón retorcido,no,
HU66625,HUNTER,Arnés Hilo Comfort,no,
CR05014LM,RED DINGO,Correa lisa,no,
YOWUP121,YOWUP,Chill PETFLURRY DOG DUCK ( Box 6 units),no,
HU69438,HUNTER,Impermeable Huka to Go,no,
CL05014AM,RED DINGO,Collar liso perro,no,
HU208524,HUNTER,COLLAR HAVANNA 50/M PLASTIC GREEN/ORANGE,no,
CU00100,3 CLAVELES,Tijera classic acero Inoxidable,no,
HU63129,HUNTER,Collar Convenience,no,
PT05043SBT,RED DINGO,Petral Style,no,
HU208607,HUNTER,SOFA LOPPA 80X60 CM POLYESTER ANTHRACITE,no,
MFP030104,MEN FOR SAN,Champú eliminador de olores talco,no,
PT05020BL,RED DINGO,Petral liso,no,
CL05043PIR,RED DINGO,Collar Style,no,
HU208446,HUNTER,COLLAR HAVANNA 40/S PLASTIC GREIGE,no,
HU66608,HUNTER,Collar Hilo Vario Basic,no,
COA18123ZG2,COMPANY OF ANIMALS,Bozal halti headcollar,no,
HU203342,HUNTER,Collar VB ALU-Strong,no,
CL00351,SPRENGER,Collar eslabón corto,no,
HU91369,HUNTER,Comedero de Melamina,no,
CL05013RO,RED DINGO,Collar liso perro,no,
HU61808,HUNTER,Sofá Gent Antibacteriano,no,
CL00353,SPRENGER,Collar eslabón corto,no,
HU47770,HUNTER,Collar Softie,no,
HU61429,HUNTER,Sofá Boston,no,
HU208506,HUNTER,COLLAR HAVANNA 45-65/XL PLASTIC BLACKBERRY,no,
HU69798,HUNTER,Arnés Hilo Comfort,no,
HU61798,HUNTER,Colchón Antibacterias Gent,no,
CL00550,SPRENGER,Collar eslabón retorcido,no,
CL00343,SPRENGER,Collar eslabón corto,no,
COA47110A,COMPANY OF ANIMALS,Halti anatomy arnés burdeos,no,
CD00101VE20,UNITED PETS,Recambio Bon Ton Nano,no,
HU69815,HUNTER,Arnés Hilo Comfort,no,
PT05044SPB,RED DINGO,Petral Style,no,
PT05024TQ,RED DINGO,Petral liso,no,
JU03474,KONG,KONG Cozies Naturals,no,
PT05042SPB,RED DINGO,Petral Style,no,
CA04000GR,DGS,Dirty dog doormat,no,
HU203467,HUNTER,Abrigo Paxson,no,
HU69774,HUNTER,Arnés Maldon Up,no,
CR05018MA,RED DINGO,Correa lisa multiposición,no,
HU67467,HUNTER,Arnés Hilo Comfort,no,
CL05043CMF,RED DINGO,Collar Style,no,
HU204985,HUNTER,Comedero Cerámica Osby,no,
HU68059,HUNTER,Arnés London Comfort Lima,no,
MFE034072,MEN FOR SAN,Champú intensificador de color para caballos,no,
KVP0120,KVP,Kong Cloud,no,
HU204871,HUNTER,Comedero Chester,no,
CR05016NE,RED DINGO,Correa lisa multiposición,no,
CL05042SPF,RED DINGO,Collar Style,no,
KVP0047,KVP,Saf-T-Clear,no,
PT05021FX,RED DINGO,Petral liso,no,
CL05012NE,RED DINGO,Collar liso perro,no,
COA64320A,COMPANY OF ANIMALS,Baskerville classic basket bozal,no,
HU42827,HUNTER,Collar Swiss,no,
CR05042SLR,RED DINGO,Correa Style,no,
CR05041PIR,RED DINGO,Correa Style,no,
HU69663,HUNTER,Abrigo Milford,no,
HU204934,HUNTER,Sofa Kumara 60x40 cm Polyester grey,no,
CL00267,SPRENGER,Collar eslabón largo,no,
HU201752,HUNTER,Arnés Divo Up,no,
KVP0144,KVP,Bite Free,no,
HU69678,HUNTER,Abrigo Milford,no,
CL00050,SPRENGER,Collar eslabón corto,no,
HU69661,HUNTER,Abrigo Milford,no,
KVP0014,KVP,KONG Quick Fit,no,
HU201765,HUNTER,Arnés Divo Up,no,
KVP0021,KVP,Check,no,
HU68137,HUNTER,Arnés London Comfort Marrón,no,
HU63124,HUNTER,Collar Convenience,no,
CL05014LM,RED DINGO,Collar liso perro,no,
PT05023NA,RED DINGO,Petral liso,no,
PT05044SPR,RED DINGO,Petral Style,no,
CL00203,SPRENGER,Collar eslabón retorcido,no,
PT05023MO,RED DINGO,Petral liso,no,
HU42830,HUNTER,Collar Swiss,no,
CL05041SBR,RED DINGO,Collar Style,no,
PT05041SPR,RED DINGO,Petral Style,no,
HU67481,HUNTER,Arnés Hilo Comfort,no,
PT05023LM,RED DINGO,Petral liso,no,
CL05014MO,RED DINGO,Collar liso perro,no,
CR05017BL,RED DINGO,Correa lisa multiposición,no,
CL00054,SPRENGER,Collar eslabón corto,no,
CR05042SPA,RED DINGO,Correa Style,no,
HU69773,HUNTER,Arnés Maldon Up,no,
CL05041SPF,RED DINGO,Collar Style,no,
PT05051TQ,RED DINGO,Petral acolchado Red Dingo,no,
JU03993,KONG,KONG Tennishues Giraffe,no,
HU66663,HUNTER,Arnés Hilo Comfort,no,
CL00269,SPRENGER,Collar eslabón largo,no,
COA47311ZG1,COMPANY OF ANIMALS,ANATOMY COLLAR BURDEOS L,no,
CR05013BL,RED DINGO,Correa lisa,no,
CR05014MA,RED DINGO,Correa lisa,no,
HU208655,HUNTER,SOFA ORTHOPEDIC CORBIE 100X70 CM POLYESTER GREEN,no,
HU69790,HUNTER,Arnés Hilo Comfort,no,
KVP0375,KVP,Camiseta de recuperación,no,
HU208605,HUNTER,SOFA LOPPA 60X40 CM POLYESTER ANTHRACITE,no,
COA47309ZG1,COMPANY OF ANIMALS,ANATOMY COLLAR BURDEOS S,no,
PT05024NA,RED DINGO,Petral liso,no,
PT05043STV,RED DINGO,Petral Style,no,
CD00103LI,UNITED PETS,Recambio Bon Ton Nano,no,
JU03111,KONG,KONG Puppy Activity Ball,no,
CD00102GR,UNITED PETS,Recambio Bon Ton Nano,no,
MFP005,MEN FOR SAN,Champú pelo blanco,no,
HU68009,HUNTER,Arnés London Comfort Naranja,no,
HU67166,HUNTER,Collar Hilo Vario Plus,no,
HU203349,HUNTER,Leash,no,
PT05023BL,RED DINGO,Petral liso,no,
CR05043SPA,RED DINGO,Correa Style,no,
HU68064,HUNTER,Arnés London Comfort Lima,no,
PT05043CMF,RED DINGO,Petral Style,no,
PT05022LM,RED DINGO,Petral liso,no,
HU204961,HUNTER,Comedero Cerámica Osby,no,
HU64112,HUNTER,Collar Neopren Reflect,no,
HU64114,HUNTER,Collar Neopren Reflect,no,
JU04597,KONG,KONG Wubba™Octopus Assorted,no,
HU69736,HUNTER,Abrigo Milford,no,
CL05011MA,RED DINGO,Collar liso perro,no,
HU204994,HUNTER,Comedero Cerámica Osby,no,
HU69534,HUNTER,Comedero Namy Acero Inoxidable,no,
HU61799,HUNTER,Colchón Antibacterias Gent,no,
CR05012TQ,RED DINGO,Correa lisa,no,
PT05024AM,RED DINGO,Petral liso,no,
HU63142,HUNTER,Collar Convenience,no,
CL05043SCG,RED DINGO,Collar Style,no,
HU69763,HUNTER,Arnés Maldon Up,no,
HU67604,HUNTER,Correa ajustable Hilo,no,
HU43966,HUNTER,Collar Vario Basic Alu - Strong,no,
HU201797,HUNTER,Arnés Soho Mini,no,
HU68086,HUNTER,Arnés London Comfort Antracita,no,
COA47308ZG1,COMPANY OF ANIMALS,ANATOMY COLLAR BURDEOS XS,no,
HU68893,HUNTER,Correa ajustable Hilo,no,
HU201775,HUNTER,Arnés Divo Up,no,
HU92087,HUNTER,Comedero de Melamina,no,
JU03552,KONG,KONG Scrunch Knots Squirrel,no,
CR05012FX,RED DINGO,Correa lisa,no,
JU03003,KONG,KONG Classic,no,
HU63136,HUNTER,Collar Convenience,no,
CR05041SPB,RED DINGO,Correa Style,no,
HU69533,HUNTER,Comedero Namy Acero Inoxidable,no,
HU67465,HUNTER,Arnés Hilo Comfort,no,
CL05013NE,RED DINGO,Collar liso perro,no,
CR05011TQ,RED DINGO,Correa lisa,no,
CR05012RJ,RED DINGO,Correa lisa,no,
HU64120,HUNTER,Collar Neopren Reflect,no,
HU200298,HUNTER,Cama Rockford,no,
PT05022RJ,RED DINGO,Petral liso,no,
PT05065FX,RED DINGO,Petral No-Pull,no,
HU69777,HUNTER,Arnés Maldon Up,no,
CR04118,FLEXI,Correa Design cinta,no,
HU61801,HUNTER,Colchón Antibacterias Gent,no,
HU208452,HUNTER,COLLAR HAVANNA 50/M PLASTIC GREIGE,no,
HU69766,HUNTER,Arnés Maldon Up,no,
KVP0013,KVP,KONG Quick Fit,no,
CL00548,SPRENGER,Collar eslabón retorcido,no,
PT05024LM,RED DINGO,Petral liso,no,
HU91364,HUNTER,Comedero de Melamina,no,
HU208494,HUNTER,COLLAR HAVANNA 60/L PLASTIC BLACKBERRY,no,
HU64089,HUNTER,Sofá Gent Antibacteriano,no,
PT05050RJ,RED DINGO,Petral acolchado Red Dingo,no,
JU03024,KONG,KONG Dental with rope,no,
HU43514,HUNTER,Collar Vario Basic Alu - Strong,no,
HU65051,HUNTER,Cama Lancaster,no,
HU203341,HUNTER,Collar VB ALU-Strong,no,
JU03540,KONG,KONG Wild Knots Bears,no,
HU63125,HUNTER,Collar Convenience,no,
PT05021MO,RED DINGO,Petral liso,no,
HU201760,HUNTER,Correa Divo Up,no,
CL00051,SPRENGER,Collar eslabón corto,no,
JU03717,KONG,KONG Cuteseas Whale,no,
COA62220A,COMPANY OF ANIMALS,Baskerville ultra bozal,no,
JU03971,KONG,KONG Shells Turtle,no,
HU69784,HUNTER,Arnés Maldon Up,no,
HU66630,HUNTER,Collar Hilo Vario Plus,no,
PT05052TQ,RED DINGO,Petral acolchado Red Dingo,no,
MFP295,MEN FOR SAN,Champú proteinas de seda y aceite de argan,no,
HU201786,HUNTER,Arnés Soho Mini,no,
PT05053FX,RED DINGO,Petral acolchado Red Dingo,no,
COA47120A,COMPANY OF ANIMALS,Halti anatomy arnés cachorro,no,
HU208647,HUNTER,SOFA ORTHOPEDIC CORBIE 80X60 CM POLYESTER ANTHRACITE,no,
HU69788,HUNTER,Arnés Hilo Comfort,no,
HU204932,HUNTER,Sofa Kumara 100x70 cm Polyester khaki,no,
PT05043PIR,RED DINGO,Petral Style,no,
PT05023MA,RED DINGO,Petral liso,no,
CL03051RJ,RED DINGO,Collar liso extra-ancho,no,
COA29321B,COMPANY OF ANIMALS,Carsafe Dog Travel Harness,no,
COA47207A,COMPANY OF ANIMALS,Halti anatomy correa multiposición,no,
PT05062TQ,RED DINGO,Petral No-Pull,no,
HU201787,HUNTER,Arnés Soho Mini,no,
CL00224,SPRENGER,Collar eslabón corto,no,
CL00545,SPRENGER,Collar eslabón retorcido,no,
CL05014NE,RED DINGO,Collar liso perro,no,
CL00543,SPRENGER,Collar eslabón retorcido,no,
HU66059,HUNTER,Collar Aalborg,no,
PT05041CMF,RED DINGO,Petral Style,no,
CL05043SPB,RED DINGO,Collar Style,no,
CD00101RO20,UNITED PETS,Recambio Bon Ton Nano,no,
JU03989,KONG,KONG Gyro,no,
PT05020RJ,RED DINGO,Petral liso,no,
COCOSI176,COCOSI,Estofado casero para perro de ternera,no,
PT05043SLR,RED DINGO,Petral Style,no,
HU64094,HUNTER,Collar Neopren Reflect,no,
HU69906,HUNTER,Collar Love,no,
HU67603,HUNTER,Correa ajustable Hilo,no,
HU201769,HUNTER,Correa Divo Up,no,
VE04782CO,DGS,Impermeable Acacia Coral,no,
COA15423ZG1,COMPANY OF ANIMALS,Arnés halti antitirones,no,
PT05041SLR,RED DINGO,Petral Style,no,
HU200288,HUNTER,Cama Rockford,no,
CD00101GR,UNITED PETS,Recambio Bon Ton Nano,no,
JU03087,KONG,KONG Puppy,no,
JU04290,KONG,KONG Goodie Ribbon,no,
JU04296,KONG,KONG Wubba Friends Assorted,no,
CL00208,SPRENGER,Collar eslabón retorcido,no,
HU42828,HUNTER,Collar Swiss,no,
JU03085,KONG,KONG Puppy,no,
KVP0143,KVP,Bite Free,no,
HU66681,HUNTER,Arnés Hilo Comfort,no,
CR05018BL,RED DINGO,Correa lisa multiposición,no,
PT05052FX,RED DINGO,Petral acolchado Red Dingo,no,
HU91362,HUNTER,Comedero de Melamina,no,
CL03010RJ,RED DINGO,Collar liso gato,no,
HU66605,HUNTER,Arnés Hilo Comfort,no,
PT05063NE,RED DINGO,Petral No-Pull,no,
HU41955,HUNTER,Collar Swiss,no,
HU201785,HUNTER,Arnés Soho Mini,no,
CL05043SBT,RED DINGO,Collar Style,no,
JU03541,KONG,KONG Wild Knots Bears,no,
PT05054TQ,RED DINGO,Petral acolchado Red Dingo,no,
HU204865,HUNTER,Comedero Mayfair,no,
JU03035,KONG,KONG Extreme Ball,no,
CL05044SLR,RED DINGO,Collar Style,no,
HU201759,HUNTER,Correa Divo Up,no,
CL05042PIR,RED DINGO,Collar Style,no,
HU43969,HUNTER,Collar Vario Basic Alu - Strong,no,
CL00226,SPRENGER,Collar eslabón corto,no,
YOWUP211,YOWUP,Yogurt SKIN AND HAIR CAT 85g (Box 10 units),no,
HU69803,HUNTER,Arnés Hilo Comfort,no,
COA47106A,COMPANY OF ANIMALS,Halti anatomy arnés turquesa,no,
AL01270,KONG,KONG Snacks Puppy,no,
HU67482,HUNTER,Arnés Hilo Comfort,no,
PT05020NA,RED DINGO,Petral liso,no,
KVP0041,KVP,Saf-T-Clear,no,
HU66611,HUNTER,Collar Hilo Vario Plus,no,
PT05050MO,RED DINGO,Petral acolchado Red Dingo,no,
HU69817,HUNTER,Arnés Hilo Comfort,no,
KVP0010,KVP,KONG Quick Fit,no,
HU68904,HUNTER,Collar Convenience,no,
PT05061RJ,RED DINGO,Petral No-Pull,no,
CL05041CMF,RED DINGO,Collar Style,no,
JU05105,KONG,KONG Halloween Wubba Ballistic Assorted L,no,
JU03947,KONG,KONG Puppy Tires,no,
HU204970,HUNTER,Comedero Cerámica Osby,no,
JU04363,KONG,KONG Twistz Ring,no,
HU201748,HUNTER,Arnés Divo Up,no,
CR05018FX,RED DINGO,Correa lisa multiposición,no,
JU03601,KONG,KONG Jumbler Football,no,
COA18121ZG2,COMPANY OF ANIMALS,Bozal halti headcollar,no,
HU201762,HUNTER,Arnés Divo Up,no,
COA64020A,COMPANY OF ANIMALS,Baskerville classic basket bozal,no,
CL05044SBT,RED DINGO,Collar Style,no,
JU03101,KONG,KONG Stuff-A-Ball,no,
HU67164,HUNTER,Collar Hilo Vario Basic,no,
PT05051RJ,RED DINGO,Petral acolchado Red Dingo,no,
HU67468,HUNTER,Arnés Hilo Comfort,no,
CL00227,SPRENGER,Collar eslabón corto,no,
COA64720A,COMPANY OF ANIMALS,Baskerville classic basket bozal,no,
HU67246,HUNTER,Collar Aalborg Special,no,
VE04781NE,DGS,Impermeable Acacia Negro,no,
CL05044SBR,RED DINGO,Collar Style,no,
CL05044SPB,RED DINGO,Collar Style,no,
JU04163,KONG,KONG CoreStrength Ball,no,
HU208536,HUNTER,COLLAR HAVANNA 30-45/M PLASTIC GREEN/ORANGE,no,
HU66347,HUNTER,Pullover Malmö,no,
HU68012,HUNTER,Arnés London Comfort Naranja,no,
COCOSI152,COCOSI,Estofado casero para perro de ternera,no,
HU69735,HUNTER,Abrigo Milford,no,
PT05020MO,RED DINGO,Petral liso,no,
CR05012AM,RED DINGO,Correa lisa,no,
HU69786,HUNTER,Arnés Maldon Up,no,
HU66648,HUNTER,Collar Hilo Vario Basic,no,
HU67263,HUNTER,Collar Aalborg Special,no,
HU66642,HUNTER,Arnés Hilo Comfort,no,
HU69677,HUNTER,Abrigo Milford,no,
CR05041STV,RED DINGO,Correa Style,no,
HU62883,HUNTER,Pullover Malmö,no,
HU68892,HUNTER,Correa ajustable Hilo,no,
JU03945,KONG,KONG Puppy Ball,no,
HU66193,HUNTER,Arnés Safety VR,no,
HU61186,HUNTER,Collar Softie,no,
YOWUP371,YOWUP,BONE BROTH BEEF (Box 12 units),no,
HU67138,HUNTER,Arnés Hilo Comfort,no,
HU66603,HUNTER,Arnés Hilo Comfort,no,
PT05043SCG,RED DINGO,Petral Style,no,
CR05018NE,RED DINGO,Correa lisa multiposición,no,
MFE033938,MEN FOR SAN,Alimento complementario equinos,no,
COCOSI803,COCOSI,Estofado casero para perro de ternera,no,
HU69793,HUNTER,Arnés Hilo Comfort,no,
HU69738,HUNTER,Abrigo Milford,no,
HU69799,HUNTER,Arnés Hilo Comfort,no,
COA15422ZG1,COMPANY OF ANIMALS,Arnés halti antitirones,no,
HU47550,HUNTER,Collar Softie,no,
HU66651,HUNTER,Collar Hilo Vario Plus,no,
JU04179,KONG,KONG Ballistic Hide’n Treat,no,
HU67877,HUNTER,Pullover Malmö,no,
JU03094,KONG,KONG Stuff-A-Ball,no,
HU201821,HUNTER,Arnés Soho Mini,no,
KVP0083,KVP,Calmer,no,
CL05043SPR,RED DINGO,Collar Style,no,
HU68014,HUNTER,Arnés London Comfort Naranja,no,
CR05012MA,RED DINGO,Correa lisa,no,
YOWUP112,YOWUP,,no,
KVP0004,KVP,Betsy Collar,no,
COA62620A,COMPANY OF ANIMALS,Baskerville ultra bozal,no,
JU04402,KONG,KONG Comfort Hedgehug Puppy,no,
PT05044STV,RED DINGO,Petral Style,no,
PT05042CMF,RED DINGO,Petral Style,no,
HU47540,HUNTER,Collar Vario Basic Alu - Strong,no,
PT05061TQ,RED DINGO,Petral No-Pull,no,
HU66069,HUNTER,Collar Aalborg,no,
KVP0152,KVP,EZ Soft,no,
HU204976,HUNTER,Comedero Cerámica Osby,no,
HU42049,HUNTER,Collar Swiss,no,
CL00551,SPRENGER,Collar eslabón retorcido,no,
HU203464,HUNTER,Abrigo Paxson,no,
COA18113ZG2,COMPANY OF ANIMALS,Bozal halti headcollar,no,
CR05016RJ,RED DINGO,Correa lisa multiposición,no,
HU66685,HUNTER,Arnés Hilo Comfort,no,
COA64520A,COMPANY OF ANIMALS,Baskerville classic basket bozal,no,
KVP0081,KVP,Calmer,no,
JU03107,KONG,KONG Puppy Activity Ball,no,
CL05044SPR,RED DINGO,Collar Style,no,
HU66649,HUNTER,Collar Hilo Vario Basic,no,
COA15413ZG1,COMPANY OF ANIMALS,Arnés halti antitirones,no,
HU66589,HUNTER,Collar Hilo Vario Basic,no,
CR04119,FLEXI,Correa Design cinta,no,
CL00078,SPRENGER,Collar eslabón retorcido,no,
HU67469,HUNTER,Arnés Hilo Comfort,no,
HU201763,HUNTER,Arnés Divo Up,no,
JU03465,KONG,KONG Bounzer,no,
JU03127,KONG,KONG Flyer,no,
COA47107A,COMPANY OF ANIMALS,Halti anatomy arnés turquesa,no,
HU43508,HUNTER,Collar Vario Basic Alu - Strong,no,
JU03004,KONG,KONG Classic,no,
HU208566,HUNTER,COLLAR HAVANNA 60/L PLASTIC TAUPE/SMOKY BLUE,no,
JU03128,KONG,KONG Flyer,no,
HU67466,HUNTER,Arnés Hilo Comfort,no,
KVP0080,KVP,Calmer,no,
CR05018RJ,RED DINGO,Correa lisa multiposición,no,
CL00218,SPRENGER,Collar eslabón retorcido,no,
PT05060FX,RED DINGO,Petral No-Pull,no,
HU69806,HUNTER,Arnés Hilo Comfort,no,
COA47104A,COMPANY OF ANIMALS,Halti anatomy arnés gris,no,
YOWUP112,YOWUP,Yogurt ARTICULAR DOG 115g (Box 10 units),no,
HU62882,HUNTER,Pullover Malmö,no,
KVP0123,KVP,Kong Cloud,no,
CR05042SPB,RED DINGO,Correa Style,no,
CL00239,SPRENGER,Collar eslabón retorcido,no,
KVP0008,KVP,Betsy Collar,no,
CL05012NA,RED DINGO,Collar liso perro,no,
HU64121,HUNTER,Collar Neopren Reflect,no,
CR05041SPF,RED DINGO,Correa Style,no,
CR05016RO,RED DINGO,Correa lisa multiposición,no,
HU204895,HUNTER,Comedero Luton,no,
CL05044PIR,RED DINGO,Collar Style,no,
CR05042PIR,RED DINGO,Correa Style,no,
CR05018AM,RED DINGO,Correa lisa multiposición,no,
COA11340A,COMPANY OF ANIMALS,Bozal halti headcollar,no,
HU63147,HUNTER,Collar Convenience,no,
CR05017FX,RED DINGO,Correa lisa multiposición,no,
JU03988,KONG,KONG Gyro,no,
CR05013MO,RED DINGO,Correa lisa,no,
JU03086,KONG,KONG Puppy,no,
JU03122,KONG,KONG Licks,no,
HU68902,HUNTER,Collar Convenience,no,
HU208575,HUNTER,COLLAR HAVANNA 40-55/L PLASTIC TAUPE/SMOKY BLUE,no,
HU47771,HUNTER,Collar Softie,no,
HU66346,HUNTER,Pullover Malmö,no,
JU04087,KONG,KONG Dotz Circle,no,
HU63126,HUNTER,Collar Convenience,no,
HU68085,HUNTER,Arnés London Comfort Antracita,no,
HU66040,HUNTER,Collar Aalborg,no,
HU204862,HUNTER,Comedero Mayfair,no,
HU91363,HUNTER,Comedero de Melamina,no,
COA29360B,COMPANY OF ANIMALS,Carsafe Dog Travel Harness,no,
CR05011LM,RED DINGO,Correa lisa,no,
HU68919,HUNTER,Collar Convenience,no,
HU61187,HUNTER,Collar Softie,no,
COA47118A,COMPANY OF ANIMALS,Halti anatomy arnés verde,no,
CL05042STV,RED DINGO,Collar Style,no,
HU67167,HUNTER,Collar Hilo Vario Plus,no,
HU69674,HUNTER,Abrigo Milford,no,
PT05041SPB,RED DINGO,Petral Style,no,
CA04015BL,DGS,Dirty dog doormat runner,no,
HU69665,HUNTER,Abrigo Milford,no,
CL00209,SPRENGER,Collar eslabón retorcido,no,
CL05014MA,RED DINGO,Collar liso perro,no,
PT05021NA,RED DINGO,Petral liso,no,
HU61432,HUNTER,Sofá Boston,no,
JU04086,KONG,KONG SqueakAir Ultra Balls,no,
COA47202A,COMPANY OF ANIMALS,Halti anatomy correa multiposición,no,
HU201774,HUNTER,Arnés Divo Up,no,
PT05022MA,RED DINGO,Petral liso,no,
KVP0006,KVP,Betsy Collar,no,
KVP0001,KVP,Betsy Collar,no,
PT05020FX,RED DINGO,Petral liso,no,
HU69900,HUNTER,Collar Love,no,
CR05013NA,RED DINGO,Correa lisa,no,
JU04419,KONG,KONG Treat spiral stick assorted,no,
PT05066TQ,RED DINGO,Petral No-Pull,no,
CL05043SPA,RED DINGO,Collar Style,no,
JU03000,KONG,KONG Classic,no,
HU66671,HUNTER,Collar Hilo Vario Plus,no,
CR05017NA,RED DINGO,Correa lisa multiposición,no,
HU208572,HUNTER,COLLAR HAVANNA 30-45/M PLASTIC TAUPE/SMOKY BLUE,no,
HU208503,HUNTER,COLLAR HAVANNA 40-55/L PLASTIC BLACKBERRY,no,
HU65052,HUNTER,Cama Lancaster,no,
HU66631,HUNTER,Collar Hilo Vario Plus,no,
HU69807,HUNTER,Arnés Hilo Comfort,no,
CR05011NA,RED DINGO,Correa lisa,no,
CL05042SCG,RED DINGO,Collar Style,no,
HU69812,HUNTER,Arnés Hilo Comfort,no,
HU63130,HUNTER,Collar Convenience,no,
CL05013BL,RED DINGO,Collar liso perro,no,
CL00053,SPRENGER,Collar eslabón corto,no,
COA32340B,COMPANY OF ANIMALS,Pet corrector,no,
CL00223,SPRENGER,Collar eslabón corto,no,
KVP0046,KVP,Saf-T-Clear,no,
JU04271,KONG,KONG Knots Carnival Elephant,no,
HU65050,HUNTER,Cama Lancaster,no,
CL03010MO,RED DINGO,Collar liso gato,no,
JU03551,KONG,KONG Scrunch Knots Racoon,no,
PT05023RO,RED DINGO,Petral liso,no,
VE04783CO,DGS,Impermeable Acacia Coral,no,
COCOSI145,COCOSI,Estofado casero para perro de ternera,no,
JU04374,KONG,KONG Signature Stick M,no,
PT05065TQ,RED DINGO,Petral No-Pull,no,
CL00076,SPRENGER,Collar eslabón largo,no,
HU68140,HUNTER,Arnés London Comfort Marrón,no,
CL00055,SPRENGER,Collar eslabón corto,no,
JU03300,KONG,KONG Wobbler,no,
HU66667,HUNTER,Arnés Hilo Comfort,no,
HU69771,HUNTER,Arnés Maldon Up,no,
CL00228,SPRENGER,Collar eslabón corto,no,
SKNP02,SKINNIA,Protect apósito protector en spray,no,
CL05042SPR,RED DINGO,Collar Style,no,
JU03556,KONG,KONG Scrunch Knots Squirrel,no,
PT05064RJ,RED DINGO,Petral No-Pull,no,
COA18151ZG2,COMPANY OF ANIMALS,Bozal halti headcollar,no,
CL05013TQ,RED DINGO,Collar liso perro,no,
HU68901,HUNTER,Collar Convenience,no,
HU69781,HUNTER,Arnés Maldon Up,no,
JU04291,KONG,KONG Goodie Ribbon,no,
CL05012MA,RED DINGO,Collar liso perro,no,
CR05014BL,RED DINGO,Correa lisa,no,
CA04000MA,DGS,Dirty dog doormat,no,
COA47109A,COMPANY OF ANIMALS,Halti anatomy arnés turquesa,no,
HU63143,HUNTER,Collar Convenience,no,
HU204952,HUNTER,Comedero Cerámica Osby,no,
HU66354,HUNTER,Pullover Malmö,no,
CL00205,SPRENGER,Collar eslabón retorcido,no,
PT05052MO,RED DINGO,Petral acolchado Red Dingo,no,
VE04770,DGS,Abrigo Aspen Negro Meteor Reflect,no,
HU65045,HUNTER,Cama Lancaster,no,
CR05041SPR,RED DINGO,Correa Style,no,
CL05020NE,RED DINGO,Acople para dos perros,no,
PT05061MO,RED DINGO,Petral No-Pull,no,
CL00310,SPRENGER,Collar eslabón retorcido,no,
COA64120A,COMPANY OF ANIMALS,Baskerville classic basket bozal,no,
HU66669,HUNTER,Collar Hilo Vario Basic,no,
COA47300ZG1,COMPANY OF ANIMALS,ANATOMY COLLAR GRIS XS,no,
COA90222A,PET HEAD,Mucky Puppy acondicionador,no,
HU69785,HUNTER,Arnés Maldon Up,no,
CL03050RJ,RED DINGO,Collar liso extra-ancho,no,
HU67133,HUNTER,Arnés Hilo Comfort,no,
HU68135,HUNTER,Arnés London Comfort Marrón,no,
PT05041PIR,RED DINGO,Petral Style,no,
HU208603,HUNTER,SOFA LOPPA 100X70 CM POLYESTER WHITE,no,
JU03137,KONG,KONG Senior Rubber Toys,no,
HU66604,HUNTER,Arnés Hilo Comfort,no,
HU201767,HUNTER,Arnés Divo Up,no,
COA11440A,COMPANY OF ANIMALS,Bozal halti headcollar,no,
CR05012NA,RED DINGO,Correa lisa,no,
CL00341,SPRENGER,Collar eslabón corto,no,
HU69794,HUNTER,Arnés Hilo Comfort,no,
HU66646,HUNTER,Arnés Hilo Comfort,no,
HU208542,HUNTER,COLLAR HAVANNA 45-65/XL PLASTIC GREEN/ORANGE,no,
CR05017AM,RED DINGO,Correa lisa multiposición,no,
HU69685,HUNTER,Collar Inari Alu - Strong,no,
CL05042SBR,RED DINGO,Collar Style,no,
JU04120,KONG,KONG Classic with Rope,no,
HU43516,HUNTER,Collar Vario Basic Alu - Strong,no,
HU69535,HUNTER,Comedero Namy Acero Inoxidable,no,
KVP0016,KVP,KONG Quick Fit,no,
PT05021RJ,RED DINGO,Petral liso,no,
HU63144,HUNTER,Collar Convenience,no,
CR05043STV,RED DINGO,Correa Style,no,
HU68341,HUNTER,Collar Aalborg,no,
HU66353,HUNTER,Pullover Malmö,no,
CR04687RO,FLEXI,Correa Black design cordón,no,
HU69808,HUNTER,Arnés Hilo Comfort,no,
CD00103NE,UNITED PETS,Recambio Bon Ton Nano,no,
COA15402ZG1,COMPANY OF ANIMALS,Arnés halti antitirones,no,
HU65553,HUNTER,Cepillo de cuidados,no,
CR05013RJ,RED DINGO,Correa lisa,no,
VE04783AZ,DGS,Impermeable Acacia Azul,no,
JU03464,KONG,KONG Bounzer,no,
CR05042SBR,RED DINGO,Correa Style,no,
HU43967,HUNTER,Collar Vario Basic Alu - Strong,no,
HU66070,HUNTER,Collar Aalborg,no,
HU69801,HUNTER,Arnés Hilo Comfort,no,
HU201751,HUNTER,Arnés Divo Up,no,
CR05017RO,RED DINGO,Correa lisa multiposición,no,
KVP0377,KVP,Camiseta de recuperación,no,
HU201771,HUNTER,Arnés Divo Up,no,
HU204936,HUNTER,Sofa Kumara 80x60 cm Polyester grau,no,
CD00102NE,UNITED PETS,Recambio Bon Ton Nano,no,
COA64920A,COMPANY OF ANIMALS,Baskerville classic basket bozal,no,
JU03009,KONG,KONG Extreme,no,
HU66624,HUNTER,Arnés Hilo Comfort,no,
VE04782NE,DGS,Impermeable Acacia Negro,no,
CR05043SBR,RED DINGO,Correa Style,no,
HU69747,HUNTER,Abrigo Milford,no,
YOWUP211,YOWUP,,no,
HU68674,HUNTER,Cushion Dog/Cat Loppa 50 cm Polyester anthracite,no,
HU67265,HUNTER,Collar Aalborg Special,no,
HU204930,HUNTER,Sofa Kumara 80x60 cm Polyester khaki,no,
HU201776,HUNTER,Arnés Divo Up,no,
COA47119A,COMPANY OF ANIMALS,Halti anatomy arnés verde,no,
HU68891,HUNTER,Correa ajustable Hilo,no,
KVP0121,KVP,Kong Cloud,no,
HU69904,HUNTER,Collar Love,no,
PT05064MO,RED DINGO,Petral No-Pull,no,
HU66352,HUNTER,Pullover Malmö,no,
HU69532,HUNTER,Comedero Namy Acero Inoxidable,no,
CR05017TQ,RED DINGO,Correa lisa multiposición,no,
CD00102LI,UNITED PETS,Recambio Bon Ton Nano,no,
VE04773,DGS,Abrigo Aspen Negro Meteor Reflect,no,
JU02999,KONG,KONG Classic,no,
COA47314ZG1,COMPANY OF ANIMALS,ANATOMY COLLAR VERDE M,no,
HU64092,HUNTER,Collar Neopren Reflect,no,
HU69531,HUNTER,Comedero Namy Acero Inoxidable,no,
HU208467,HUNTER,COLLAR HAVANNA 40-55/L PLASTIC GREIGE,no,
COA47116A,COMPANY OF ANIMALS,Halti anatomy arnés verde,no,
CL05041STV,RED DINGO,Collar Style,no,
JU03089,KONG,KONG Puppy Binkie,no,
VE04782AZ,DGS,Impermeable Acacia Azul,no,
HU66590,HUNTER,Collar Hilo Vario Plus,no,
HU208530,HUNTER,COLLAR HAVANNA 60/L PLASTIC GREEN/ORANGE,no,
HU69796,HUNTER,Arnés Hilo Comfort,no,
CL05044STV,RED DINGO,Collar Style,no,
COA62320A,COMPANY OF ANIMALS,Baskerville ultra bozal,no,
ADAP004,CEVA,Collar,no,
CR05041SPA,RED DINGO,Correa Style,no,
PT05042SPR,RED DINGO,Petral Style,no,
HU69748,HUNTER,Abrigo Milford,no,
CD00101NE,UNITED PETS,Recambio Bon Ton Nano,no,
CL05011AM,RED DINGO,Collar liso perro,no,
PT05022AM,RED DINGO,Petral liso,no,
HU69530,HUNTER,Comedero Namy Acero Inoxidable,no,
JU03425,KONG,KONG Safestix,no,
HU61430,HUNTER,Sofá Boston,no,
COA18114ZG2,COMPANY OF ANIMALS,Bozal halti headcollar,no,
PT05065NE,RED DINGO,Petral No-Pull,no,
JU03940,KONG,KONG Wild Knots Bears,no,
CR05043CMF,RED DINGO,Correa Style,no,
MFP030029,MEN FOR SAN,Champú pelo blanco,no,
CR05041SLR,RED DINGO,Correa Style,no,
JU03136,KONG,KONG Senior Rubber Toys,no,
PT05043SPR,RED DINGO,Petral Style,no,
COA90533A,PET HEAD,Furtastic spray,no,
HU204967,HUNTER,Comedero Cerámica Osby,no,
CL05012LM,RED DINGO,Collar liso perro,no,
JU03439,KONG,KONG Squeezz Ball,no,
PT05023AM,RED DINGO,Petral liso,no,
CL05043SPF,RED DINGO,Collar Style,no,
HU43970,HUNTER,Collar Vario Basic Alu - Strong,no,
HU61809,HUNTER,Sofá Gent Antibacteriano,no,
CL05014FX,RED DINGO,Collar liso perro,no,
HU66627,HUNTER,Arnés Hilo Comfort,no,
HU201810,HUNTER,Arnés Soho Mini,no,
CL00546,SPRENGER,Collar eslabón retorcido,no,
HU69901,HUNTER,Collar Love,no,
HU201750,HUNTER,Arnés Divo Up,no,
HU63153,HUNTER,Collar Convenience,no,
HU69776,HUNTER,Arnés Maldon Up,no,
HU69779,HUNTER,Arnés Maldon Up,no,
AL01251,KONG,KONG Snacks Liver,no,
COA47100A,COMPANY OF ANIMALS,Halti anatomy arnés gris,no,
COA47305ZG1,COMPANY OF ANIMALS,ANATOMY COLLAR TURQUESA S,no,
HU66036,HUNTER,Collar Aalborg,no,
HU69750,HUNTER,Abrigo Milford,no,
VE04774,DGS,Abrigo Aspen Negro Meteor Reflect,no,
HU69690,HUNTER,Collar Inari Alu - Strong,no,
HU208500,HUNTER,COLLAR HAVANNA 30-45/M PLASTIC BLACKBERRY,no,
HU204964,HUNTER,Comedero Cerámica Osby,no,
VE04771,DGS,Abrigo Aspen Negro Meteor Reflect,no,
JU03095,KONG,KONG Ball,no,
CR05012NE,RED DINGO,Correa lisa,no,
CL00345,SPRENGER,Collar eslabón corto,no,
HU68338,HUNTER,Collar Aalborg,no,
PT05021NE,RED DINGO,Petral liso,no,
CL00690NE,SPRENGER,Sprenger biothane® correa corta 35cm negro,no,
CL05043SBR,RED DINGO,Collar Style,no,
PT05020MA,RED DINGO,Petral liso,no,
COA62120A,COMPANY OF ANIMALS,Baskerville ultra bozal,no,
JU03992,KONG,KONG Tennishues Giraffe,no,
HU66039,HUNTER,Collar Aalborg,no,
PT05021RO,RED DINGO,Petral liso,no,
PT05024FX,RED DINGO,Petral liso,no,
HU66058,HUNTER,Collar Aalborg,no,
KVP0045,KVP,Saf-T-Clear,no,
HU69746,HUNTER,Abrigo Milford,no,
HU66609,HUNTER,Collar Hilo Vario Basic,no,
KVP0027,KVP,Check,no,
HU43515,HUNTER,Collar Vario Basic Alu - Strong,no,
COCOSI183,COCOSI,Estofado casero para perro de ternera,no,
PT05043SPF,RED DINGO,Petral Style,no,
HU63127,HUNTER,Collar Convenience,no,
HU66035,HUNTER,Collar Aalborg,no,
PT05051MO,RED DINGO,Petral acolchado Red Dingo,no,
CL00352,SPRENGER,Collar eslabón corto,no,
HU61807,HUNTER,Sofá Gent Antibacteriano,no,
PT05022BL,RED DINGO,Petral liso,no,
HU208410,HUNTER,COLLAR HAVANNA 40/S PLASTIC BLACK,no,
HU200302,HUNTER,Cama Rockford,no,
CR05018TQ,RED DINGO,Correa lisa multiposición,no,
VE04780NE,DGS,Impermeable Acacia Negro,no,
CL00221,SPRENGER,Collar eslabón retorcido,no,
PT05041SBR,RED DINGO,Petral Style,no,
COA47111A,COMPANY OF ANIMALS,Halti anatomy arnés burdeos,no,
PT05064FX,RED DINGO,Petral No-Pull,no,
PT05024RO,RED DINGO,Petral liso,no,
CL05042SPB,RED DINGO,Collar Style,no,
HU43509,HUNTER,Collar Vario Basic Alu - Strong,no,
HU64111,HUNTER,Collar Neopren Reflect,no,
HU208645,HUNTER,SOFA ORTHOPEDIC CORBIE 60X40 CM POLYESTER ANTHRACITE,no,
CL05042CMF,RED DINGO,Collar Style,no,
HU69814,HUNTER,Arnés Hilo Comfort,no,
CL05014RJ,RED DINGO,Collar liso perro,no,
KVP0005,KVP,Betsy Collar,no,
COA90522A,PET HEAD,Furtastic acondicionador,no,
HU66055,HUNTER,Collar Aalborg,no,
HU67245,HUNTER,Collar Aalborg Special,no,
HU69734,HUNTER,Abrigo Milford,no,
HU47549,HUNTER,Collar Softie,no,
HU66621,HUNTER,Arnés Hilo Comfort,no,
HU67485,HUNTER,Collar Hilo Vario Basic,no,
CU00146,3 CLAVELES,Cortaúñas perro,no,
CL05011RJ,RED DINGO,Collar liso perro,no,
HU201788,HUNTER,Arnés Soho Mini,no,
KVP0023,KVP,Check,no,
COA47117A,COMPANY OF ANIMALS,Halti anatomy arnés verde,no,
CR05042SPF,RED DINGO,Correa Style,no,
JU03554,KONG,KONG Scrunch Knots Fox,no,
CR05011NE,RED DINGO,Correa lisa,no,
COA47206A,COMPANY OF ANIMALS,Halti anatomy correa multiposición,no,
JU04159,KONG,KONG CoreStrength Bone,no,
PT05053TQ,RED DINGO,Petral acolchado Red Dingo,no,
HU208591,HUNTER,CUSHION DOG/CAT LOPPA 80 CM POLYESTER ANTHRACITE,no,
HU62958,HUNTER,Abrigo Uppsala,no,
PT05054GR,RED DINGO,Petral acolchado Red Dingo,no,
CR05014NA,RED DINGO,Correa lisa,no,
HU65049,HUNTER,Cama Lancaster,no,
CL00354,SPRENGER,Collar eslabón corto,no,
PT05024NE,RED DINGO,Petral liso,no,
HU68084,HUNTER,Arnés London Comfort Antracita,no,
COA18122ZG2,COMPANY OF ANIMALS,Bozal halti headcollar,no,
CL03010NE,RED DINGO,Collar liso gato,no,
HU66057,HUNTER,Collar Aalborg,no,
HU63135,HUNTER,Collar Convenience,no,
HU204988,HUNTER,Comedero Cerámica Osby,no,
COA18152ZG2,COMPANY OF ANIMALS,Bozal halti headcollar,no,
PT05051GR,RED DINGO,Petral acolchado Red Dingo,no,
CL00082,SPRENGER,Collar eslabón retorcido,no,
PT05050FX,RED DINGO,Petral acolchado Red Dingo,no,
HU67487,HUNTER,Collar Hilo Vario Plus,no,
JU03946,KONG,KONG Puppy Tires,no,
HU66641,HUNTER,Arnés Hilo Comfort,no,
CL05044SPA,RED DINGO,Collar Style,no,
JU03008,KONG,KONG Extreme,no,
CL00206,SPRENGER,Collar eslabón retorcido,no,
HU204979,HUNTER,Comedero Cerámica Osby,no,
MFE034027,MEN FOR SAN,Desenredante abrillantador para caballos,no,
CR05014RO,RED DINGO,Correa lisa,no,
KVP0084,KVP,Calmer,no,
CL00268,SPRENGER,Collar eslabón largo,no,
COA32140B,COMPANY OF ANIMALS,Pet corrector,no,
HU62961,HUNTER,Abrigo Uppsala,no,
KVP0341,KVP,Vara de control y recambio,no,
YOWUP220,YOWUP,MILKY LICK SERRANO HAM,no,
CR05016NA,RED DINGO,Correa lisa multiposición,no,
HU43510,HUNTER,Collar Vario Basic Alu - Strong,no,
HU69664,HUNTER,Abrigo Milford,no,
HU61800,HUNTER,Colchón Antibacterias Gent,no,
CR00691NE,SPRENGER,Sprenger biothane® corre multiposición 230cm negro,no,
HU61433,HUNTER,Sofá Boston,no,
KVP0145,KVP,Bite Free,no,
HU203461,HUNTER,Abrigo Paxson,no,
HU67486,HUNTER,Collar Hilo Vario Plus,no,
HU91370,HUNTER,Comedero de Melamina,no,
AL01280,KONG,KONG Snacks Bacon & Cheese,no,
HU69696,HUNTER,Collar Inari Alu - Strong,no,
HU201819,HUNTER,Arnés Soho Mini,no,
CL05014RO,RED DINGO,Collar liso perro,no,
VE04776,DGS,Abrigo Aspen Negro Meteor Reflect,no,
HU68138,HUNTER,Arnés London Comfort Marrón,no,
HU64095,HUNTER,Collar Neopren Reflect,no,
JU04252,KONG,KONG Ring,no,
HU66581,HUNTER,Comedero Anti - glotón Atlanta,no,
CL00311,SPRENGER,Collar eslabón retorcido,no,
HU201773,HUNTER,Arnés Divo Up,no,
KVP0124,KVP,Kong Cloud,no,
KVP0122,KVP,Kong Cloud,no,
HU47552,HUNTER,Collar Softie,no,
CR05016LM,RED DINGO,Correa lisa multiposición,no,
JU04598,KONG,KONG Wubba™Octopus Assorted,no,
HU66687,HUNTER,Arnés Hilo Comfort,no,
VE04781AZ,DGS,Impermeable Acacia Azul,no,
VE04785CO,DGS,Impermeable Acacia Coral,no,
HU69811,HUNTER,Arnés Hilo Comfort,no,
JU04088,KONG,KONG Dotz Circle,no,
VE04786CO,DGS,Impermeable Acacia Coral,no,
KVP0025,KVP,Check,no,
HU69809,HUNTER,Arnés Hilo Comfort,no,
CR05012BL,RED DINGO,Correa lisa,no,
HU68339,HUNTER,Collar Aalborg,no,
HU208615,HUNTER,SOFA LOPPA 100X70 CM POLYESTER BROWN,no,
CD00102VE20,UNITED PETS,Recambio Bon Ton Nano,no,
PT05024MO,RED DINGO,Petral liso,no,
COA18112ZG2,COMPANY OF ANIMALS,Bozal halti headcollar,no,
HU63150,HUNTER,Collar Convenience,no,
PT05042SPA,RED DINGO,Petral Style,no,
HU65048,HUNTER,Cama Lancaster,no,
HU66686,HUNTER,Arnés Hilo Comfort,no,
PT05021LM,RED DINGO,Petral liso,no,
COATB02,COMPANY OF ANIMALS,Boomer ball,no,
CL05014TQ,RED DINGO,Collar liso perro,no,
HU62877,HUNTER,Pullover Malmö,no,
CL05011LM,RED DINGO,Collar liso perro,no,
KVP0154,KVP,EZ Soft,no,
COA29160B,COMPANY OF ANIMALS,Carsafe Crash Tested Dog Harness,no,
CL00210,SPRENGER,Collar eslabón retorcido,no,
PT05044SBT,RED DINGO,Petral Style,no,
CL00220,SPRENGER,Collar eslabón retorcido,no,
HU204955,HUNTER,Comedero Cerámica Osby,no,
JU03096,KONG,KONG Ball,no,
HU42826,HUNTER,Collar Swiss,no,
JU04168,KONG,KONG Squeezz Action,no,
HU66670,HUNTER,Collar Hilo Vario Plus,no,
HU43971,HUNTER,Collar Vario Basic Alu - Strong,no,
HU65546,HUNTER,Bozal Albury,no,
HU69778,HUNTER,Arnés Maldon Up,no,
CL00266,SPRENGER,Collar eslabón largo,no,
HU67484,HUNTER,Collar Hilo Vario Basic,no,
HU69675,HUNTER,Abrigo Milford,no,
CL00080,SPRENGER,Collar eslabón retorcido,no,
CL05011NA,RED DINGO,Collar liso perro,no,
CL05012BL,RED DINGO,Collar liso perro,no,
COA18111ZG2,COMPANY OF ANIMALS,Bozal halti headcollar,no,
JU03110,KONG,KONG Puppy Activity Ball,no,
HU68010,HUNTER,Arnés London Comfort Naranja,no,
HU66626,HUNTER,Arnés Hilo Comfort,no,
JU04177,KONG,KONG Ring,no,
HU69673,HUNTER,Abrigo Milford,no,
CR05011RO,RED DINGO,Correa lisa,no,
HU69780,HUNTER,Arnés Maldon Up,no,
KVP0082,KVP,Calmer,no,
CR05016FX,RED DINGO,Correa lisa multiposición,no,
HU69764,HUNTER,Arnés Maldon Up,no,
KVP0044,KVP,Saf-T-Clear,no,
VE04786AZ,DGS,Impermeable Acacia Azul,no,
CR05041CMF,RED DINGO,Correa Style,no,
HU66602,HUNTER,Arnés Hilo Comfort,no,
COA47121A,COMPANY OF ANIMALS,Halti anatomy arnés cachorro,no,
HU208597,HUNTER,CUSHION DOG/CAT LOPPA 80 CM POLYESTER BROWN,no,
CD00103GR,UNITED PETS,Recambio Bon Ton Nano,no,
COA32040B,COMPANY OF ANIMALS,Pet corrector,no,
CL00277,SPRENGER,Collar eslabón retorcido,no,
HU68921,HUNTER,Collar Convenience,no,
VE04780AZ,DGS,Impermeable Acacia Azul,no,
HU66038,HUNTER,Collar Aalborg,no,
PT05063TQ,RED DINGO,Petral No-Pull,no,
CU00145,3 CLAVELES,Cortaúñas perro,no,
JU04145,KONG,KONG Wubba Comet,no,
HU63149,HUNTER,Collar Convenience,no,
JU03084,KONG,KONG Puppy,no,
CL05012MO,RED DINGO,Collar liso perro,no,
COA64420A,COMPANY OF ANIMALS,Baskerville classic basket bozal,no,
KVP0015,KVP,KONG Quick Fit,no,
HU69695,HUNTER,Collar Inari Alu - Strong,no,
PT05063RJ,RED DINGO,Petral No-Pull,no,
PT05044SPA,RED DINGO,Petral Style,no,
JU04122,KONG,KONG Classic with Rope,no,
CL03051MO,RED DINGO,Collar liso extra-ancho,no,
HU69818,HUNTER,Arnés Hilo Comfort,no,
CR05013AM,RED DINGO,Correa lisa,no,
HU204958,HUNTER,Comedero Cerámica Osby,no,
HU204874,HUNTER,Comedero Chester,no,
HU208554,HUNTER,COLLAR HAVANNA 40/S PLASTIC TAUPE/SMOKY BLUE,no,
HU69666,HUNTER,Abrigo Milford,no,
PT05021TQ,RED DINGO,Petral liso,no,
MFE033952,MEN FOR SAN,Spray antiinsectos y repelente para caballos,no,
PT05023FX,RED DINGO,Petral liso,no,
COA11140A,COMPANY OF ANIMALS,Bozal halti headcollar,no,
CL05041SPA,RED DINGO,Collar Style,no,
HU67868,HUNTER,Pullover Malmö,no,
PT05060NE,RED DINGO,Petral No-Pull,no,
JU03299,KONG,KONG Wobbler,no,
CA04000BL,DGS,Dirty dog doormat,no,
HU66644,HUNTER,Arnés Hilo Comfort,no,
CA04005BL,DGS,Dirty dog doormat,no,
KVP0150,KVP,EZ Soft,no,
COA47114A,COMPANY OF ANIMALS,Halti anatomy arnés burdeos,no,
HU69692,HUNTER,Collar Inari Alu - Strong,no,
CL05013AM,RED DINGO,Collar liso perro,no,
HU66668,HUNTER,Collar Hilo Vario Basic,no,
JU04146,KONG,KONG Wubba Comet,no,
PT05020TQ,RED DINGO,Petral liso,no,
HU68139,HUNTER,Arnés London Comfort Marrón,no,
HU201766,HUNTER,Arnés Divo Up,no,
JU03440,KONG,KONG Squeezz Ball,no,
CL05011RO,RED DINGO,Collar liso perro,no,
PT05063FX,RED DINGO,Petral No-Pull,no,
COA47200A,COMPANY OF ANIMALS,Halti anatomy correa multiposición,no,
CU00101,3 CLAVELES,Tijera classic acero Inoxidable,no,
HU200290,HUNTER,Cama Rockford,no,
CR05011RJ,RED DINGO,Correa lisa,no,
KVP0153,KVP,EZ Soft,no,
COA90313A,PET HEAD,Ditch the Dirt champú,no,
CR05043PIR,RED DINGO,Correa Style,no,
HU68061,HUNTER,Arnés London Comfort Lima,no,
JU03456,KONG,KONG Tires,no,
HU201772,HUNTER,Arnés Divo Up,no,
PT05021AM,RED DINGO,Petral liso,no,
JU00784,SPRENGER,Sprenger dog toy cushion m 25x17cm,no,
PT05050GR,RED DINGO,Petral acolchado Red Dingo,no,
JU03093,KONG,KONG Stuff-A-Ball,no,
HU208431,HUNTER,COLLAR HAVANNA 40-55/L PLASTIC BLACK,no,
PT05024RJ,RED DINGO,Petral liso,no,
HU69797,HUNTER,Arnés Hilo Comfort,no,
KVP0142,KVP,Bite Free,no,
PT05042SCG,RED DINGO,Petral Style,no,
HU63132,HUNTER,Collar Convenience,no,
COA18421ZG2,COMPANY OF ANIMALS,Halti training lead,no,
CD00103VE20,UNITED PETS,Recambio Bon Ton Nano,no,
HU69787,HUNTER,Arnés Hilo Comfort,no,
HU67264,HUNTER,Collar Aalborg Special,no,
HU204859,HUNTER,Comedero Mayfair,no,
CR05018MO,RED DINGO,Correa lisa multiposición,no,
PT05043SPA,RED DINGO,Petral Style,no,
CL00544,SPRENGER,Collar eslabón retorcido,no,
HU208458,HUNTER,COLLAR HAVANNA 60/L PLASTIC GREIGE,no,
COA47102A,COMPANY OF ANIMALS,Halti anatomy arnés gris,no,
JU04375,KONG,KONG Signature Stick L,no,
HU68922,HUNTER,Collar Convenience,no,
PT05060TQ,RED DINGO,Petral No-Pull,no,
COA47108A,COMPANY OF ANIMALS,Halti anatomy arnés turquesa,no,
HU61189,HUNTER,Collar Softie,no,
COA47310ZG1,COMPANY OF ANIMALS,ANATOMY COLLAR BURDEOS M,no,
COA90113A,PET HEAD,Sensitive Soul champú,no,
HU201778,HUNTER,Correa Divo Up,no,
HU69499,HUNTER,Pullover Malmö,no,
KVP0002,KVP,Betsy Collar,no,
HU67260,HUNTER,Collar Aalborg Special,no,
PT05060MO,RED DINGO,Petral No-Pull,no,
HU69697,HUNTER,Collar Inari Alu - Strong,no,
YOWUP120,YOWUP,Chill PETFLURRY DOG TURKEY (Box 6 units),no,
HU208651,HUNTER,SOFA ORTHOPEDIC CORBIE 60X40 CM POLYESTER GREEN,no,
VE04784AZ,DGS,Impermeable Acacia Azul,no,
HU47879,HUNTER,Collar Vario Basic Alu - Strong,no,
JU03680,KONG,KONG Wild Knots Bears,no,
JU04162,KONG,KONG CoreStrength Ball,no,
JU03020,KONG,KONG Extreme,no,
CL05041SPR,RED DINGO,Collar Style,no,
JU03710,KONG,KONG Cuteseas Octopus,no,
CR00691RO,SPRENGER,Sprenger biothane® corre multiposición 230cm rosa,no,
KVP0024,KVP,Check,no,
COA47301ZG1,COMPANY OF ANIMALS,ANATOMY COLLAR GRIS S,no,
CR05018RO,RED DINGO,Correa lisa multiposición,no,
CL00074,SPRENGER,Collar eslabón largo,no,
PT05052RJ,RED DINGO,Petral acolchado Red Dingo,no,
HU69905,HUNTER,Collar Love,no,
CL03050MO,RED DINGO,Collar liso extra-ancho,no,
COA90122A,PET HEAD,Sensitive Soul acondicionador,no,
HU67483,HUNTER,Arnés Hilo Comfort,no,
HU69804,HUNTER,Arnés Hilo Comfort,no,
CL05014BL,RED DINGO,Collar liso perro,no,
PT05023TQ,RED DINGO,Petral liso,no,
JU03088,KONG,KONG Puppy Binkie,no,
JU03036,KONG,KONG Extreme Ball,no,
HU68895,HUNTER,Correa ajustable Hilo,no,
JU04121,KONG,KONG Classic with Rope,no,
HU64093,HUNTER,Collar Neopren Reflect,no,
HU208589,HUNTER,CUSHION DOG/CAT LOPPA 80 CM POLYESTER WHITE,no,
CR05041SBR,RED DINGO,Correa Style,no,
CR05043SCG,RED DINGO,Correa Style,no,
HU201768,HUNTER,Correa Divo Up,no,
PT05062FX,RED DINGO,Petral No-Pull,no,
HU61806,HUNTER,Sofá Gent Antibacteriano,no,
KVP0018,KVP,KONG Quick Fit,no,
HU200300,HUNTER,Cama Rockford,no,
CR05042CMF,RED DINGO,Correa Style,no,
CL05043SLR,RED DINGO,Collar Style,no,
HU66665,HUNTER,Arnés Hilo Comfort,no,
CL05011NE,RED DINGO,Collar liso perro,no,
JU03010,KONG,KONG Extreme,no,
COA47204A,COMPANY OF ANIMALS,Halti anatomy correa multiposición,no,
PT05022MO,RED DINGO,Petral liso,no,
CR05018LM,RED DINGO,Correa lisa multiposición,no,
PT05064NE,RED DINGO,Petral No-Pull,no,
PT05022TQ,RED DINGO,Petral liso,no,
HU66683,HUNTER,Arnés Hilo Comfort,no,
HU67261,HUNTER,Collar Aalborg Special,no,
CL05013NA,RED DINGO,Collar liso perro,no,
COA62520A,COMPANY OF ANIMALS,Baskerville ultra bozal,no,
HU42831,HUNTER,Collar Swiss,no,
CR05017LM,RED DINGO,Correa lisa multiposición,no,
HU67464,HUNTER,Arnés Hilo Comfort,no,
CR05011MO,RED DINGO,Correa lisa,no,
HU208613,HUNTER,SOFA LOPPA 80X60 CM POLYESTER BROWN,no,
HU201749,HUNTER,Arnés Divo Up,no,
PT05023RJ,RED DINGO,Petral liso,no,
CL05041SCG,RED DINGO,Collar Style,no,
HU208578,HUNTER,COLLAR HAVANNA 45-65/XL PLASTIC TAUPE/SMOKY BLUE,no,
JU03595,KONG,KONG Training Dummy,no,
HU69739,HUNTER,Abrigo Milford,no,
HU66071,HUNTER,Collar Aalborg,no,
COA90133A,PET HEAD,Sensitive Soul spray,no,
MFP030081,MEN FOR SAN,Champú pelo Marrón,no,
HU208434,HUNTER,COLLAR HAVANNA 45-65/XL PLASTIC BLACK,no,
HU66645,HUNTER,Arnés Hilo Comfort,no,
COA29221B,COMPANY OF ANIMALS,Carsafe Dog Travel Harness,no,
CR05014RJ,RED DINGO,Correa lisa,no,
CL05044CMF,RED DINGO,Collar Style,no,
HU66629,HUNTER,Collar Hilo Vario Basic,no,
CR05013LM,RED DINGO,Correa lisa,no,
MFP085,MEN FOR SAN,Champú repelente de insectos,no,
CL05042SLR,RED DINGO,Collar Style,no,
CR05014TQ,RED DINGO,Correa lisa,no,
HU67477,HUNTER,Arnés Hilo Comfort,no,
COA29060B,COMPANY OF ANIMALS,Carsafe Dog Travel Harness,no,
PT05066RJ,RED DINGO,Petral No-Pull,no,
CL05014NA,RED DINGO,Collar liso perro,no,
HU67242,HUNTER,Collar Aalborg Special,no,
CR05042SBT,RED DINGO,Correa Style,no,
HU69783,HUNTER,Arnés Maldon Up,no,
COA29260B,COMPANY OF ANIMALS,Carsafe Dog Travel Harness,no,
CL05013LM,RED DINGO,Collar liso perro,no,
PT05062RJ,RED DINGO,Petral No-Pull,no,
KVP0042,KVP,Saf-T-Clear,no,
HU62884,HUNTER,Pullover Malmö,no,
KVP0376,KVP,Camiseta de recuperación,no,
COA47307ZG1,COMPANY OF ANIMALS,ANATOMY COLLAR TURQUESA L,no,
PT05043SBR,RED DINGO,Petral Style,no,
CL05021NE,RED DINGO,Acople para dos perros,no,
CR05042SCG,RED DINGO,Correa Style,no,
CL05013FX,RED DINGO,Collar liso perro,no,
JU03002,KONG,KONG Classic,no,
COA62420A,COMPANY OF ANIMALS,Baskerville ultra bozal,no,
HU68905,HUNTER,Collar Convenience,no,
CL00081,SPRENGER,Collar eslabón retorcido,no,
COCOSI190,COCOSI,Estofado casero para perro de ternera,no,
HU63145,HUNTER,Collar Convenience,no,
HU69751,HUNTER,Abrigo Milford,no,
HU208518,HUNTER,COLLAR HAVANNA 40/S PLASTIC GREEN/ORANGE,no,
JU03039,KONG,KONG Extreme Goodie Bone,no,
CL05011FX,RED DINGO,Collar liso perro,no,
CR05043SBT,RED DINGO,Correa Style,no,
CL05011TQ,RED DINGO,Collar liso perro,no,
CL00549,SPRENGER,Collar eslabón retorcido,no,
HU68903,HUNTER,Collar Convenience,no,
JU03427,KONG,KONG Cozie Brights Assorted,no,
VE04785AZ,DGS,Impermeable Acacia Azul,no,
JU04178,KONG,KONG Ballistic Hide’n Treat,no,
JU03424,KONG,KONG Safestix,no,
PT05041SPA,RED DINGO,Petral Style,no,
COA29060B,COMPANY OF ANIMALS,Carsafe Crash Tested Dog Harness,no,
HU204973,HUNTER,Comedero Cerámica Osby,no,
HU66661,HUNTER,Arnés Hilo Comfort,no,
HU69795,HUNTER,Arnés Hilo Comfort,no,
CL05041PIR,RED DINGO,Collar Style,no,
HU66072,HUNTER,Collar Aalborg,no,
COA64220A,COMPANY OF ANIMALS,Baskerville classic basket bozal,no,
CR05016AM,RED DINGO,Correa lisa multiposición,no,
HU67244,HUNTER,Collar Aalborg Special,no,
HU69813,HUNTER,Arnés Hilo Comfort,no,
COA64820A,COMPANY OF ANIMALS,Baskerville classic basket bozal,no,
VE04783NE,DGS,Impermeable Acacia Negro,no,
HU66662,HUNTER,Arnés Hilo Comfort,no,
HU41867,HUNTER,Collar Swiss,no,
HU67136,HUNTER,Arnés Hilo Comfort,no,
PT05042PIR,RED DINGO,Petral Style,no,
HU66643,HUNTER,Arnés Hilo Comfort,no,
PT05021BL,RED DINGO,Petral liso,no,
HU69769,HUNTER,Arnés Maldon Up,no,
PT05022RO,RED DINGO,Petral liso,no,
PT05022FX,RED DINGO,Petral liso,no,
HU67134,HUNTER,Arnés Hilo Comfort,no,
VE04775,DGS,Abrigo Aspen Negro Meteor Reflect,no,
COA29160B,COMPANY OF ANIMALS,Carsafe Dog Travel Harness,no,
HU63133,HUNTER,Collar Convenience,no,
HU68920,HUNTER,Collar Convenience,no,
HU42050,HUNTER,Collar Swiss,no,
HU62973,HUNTER,Abrigo Uppsala,no,
CR05013RO,RED DINGO,Correa lisa,no,
HU66348,HUNTER,Pullover Malmö,no,
CR05018NA,RED DINGO,Correa lisa multiposición,no,
CR05011BL,RED DINGO,Correa lisa,no,
MFG033921,MEN FOR SAN,Collar anti-insectos perros pequeños,no,
HU69775,HUNTER,Arnés Maldon Up,no,
CR05011MA,RED DINGO,Correa lisa,no,
HU208539,HUNTER,COLLAR HAVANNA 40-55/L PLASTIC GREEN/ORANGE,no,
PT05042SPF,RED DINGO,Petral Style,no,
HU63141,HUNTER,Collar Convenience,no,
CL03051NE,RED DINGO,Collar liso extra-ancho,no,
HU61188,HUNTER,Collar Softie,no,
COA47103A,COMPANY OF ANIMALS,Halti anatomy arnés gris,no,
VE04786NE,DGS,Impermeable Acacia Negro,no,
HU67478,HUNTER,Arnés Hilo Comfort,no,
HU47773,HUNTER,Collar Softie,no,
HU62878,HUNTER,Pullover Malmö,no,
CL00052,SPRENGER,Collar eslabón corto,no,
HU203463,HUNTER,Abrigo Paxson,no,
AL01271,KONG,KONG Snacks Puppy,no,
HU65545,HUNTER,Bozal Albury,no,
JU00783,SPRENGER,Sprenger dog toy cushion s 15x20cm,no,
HU208422,HUNTER,COLLAR HAVANNA 60/L PLASTIC BLACK,no,
CL00541,SPRENGER,Collar eslabón retorcido,no,
PT05020AM,RED DINGO,Petral liso,no,
VE04784CO,DGS,Impermeable Acacia Coral,no,
HU68087,HUNTER,Arnés London Comfort Antracita,no,
PT05020RO,RED DINGO,Petral liso,no,
CR05014MO,RED DINGO,Correa lisa,no,
CL05011BL,RED DINGO,Collar liso perro,no,
PT05065MO,RED DINGO,Petral No-Pull,no,
COATB01,COMPANY OF ANIMALS,Boomer ball,no,
HU66601,HUNTER,Arnés Hilo Comfort,no,
CL05013MA,RED DINGO,Collar liso perro,no,
CD00102RO20,UNITED PETS,Recambio Bon Ton Nano,no,
CL00219,SPRENGER,Collar eslabón retorcido,no,
CL00270,SPRENGER,Collar eslabón largo,no,
KVP0003,KVP,Betsy Collar,no,
HU66647,HUNTER,Arnés Hilo Comfort,no,
HU63137,HUNTER,Collar Convenience,no,
CR05014NE,RED DINGO,Correa lisa,no,
HU69768,HUNTER,Arnés Maldon Up,no,
HU69501,HUNTER,Pullover Malmö,no,
CL05013MO,RED DINGO,Collar liso perro,no,
PT05042SBR,RED DINGO,Petral Style,no,
HU64090,HUNTER,Sofá Gent Antibacteriano,no,
CL00690NA,SPRENGER,Sprenger biothane® correa corta 35cm naranja,no,
PT05062MO,RED DINGO,Petral No-Pull,no,
JU03049,KONG,KONG Aqua,no,
HU68675,HUNTER,Cushion Dog/Cat Loppa 60 cm Polyester anthracite,no,
HU47877,HUNTER,Collar Vario Basic Alu - Strong,no,
CD00103RO20,UNITED PETS,Recambio Bon Ton Nano,no,
COCOSI206,COCOSI,Estofado casero para perro de ternera,no,
CL05042SPA,RED DINGO,Collar Style,no,
KVP0146,KVP,Bite Free,no,
HU68088,HUNTER,Arnés London Comfort Antracita,no,
HU208599,HUNTER,SOFA LOPPA 60X40 CM POLYESTER WHITE,no,
JU04281,KONG,KONG Shakers Honkers Duck,no,
PT05043SPB,RED DINGO,Petral Style,no,
HU204938,HUNTER,Sofa Kumara 100x70 cm Polyester grey,no,
CL05012AM,RED DINGO,Collar liso perro,no,
VE04772,DGS,Abrigo Aspen Negro Meteor Reflect,no,
HU201809,HUNTER,Arnés Soho Mini,no,
HU66622,HUNTER,Arnés Hilo Comfort,no,
COA47315ZG1,COMPANY OF ANIMALS,ANATOMY COLLAR VERDE L,no,
HU67247,HUNTER,Collar Aalborg Special,no,
HU68340,HUNTER,Collar Aalborg,no,
CL00342,SPRENGER,Collar eslabón corto,no,
CL05041SLR,RED DINGO,Collar Style,no,
HU67135,HUNTER,Arnés Hilo Comfort,no,
KVP0151,KVP,EZ Soft,no,
HU68062,HUNTER,Arnés London Comfort Lima,no,
HU65550,HUNTER,Bozal Albury,no,
HU65047,HUNTER,Cama Lancaster,no,
CL03050NE,RED DINGO,Collar liso extra-ancho,no,
HU201820,HUNTER,Arnés Soho Mini,no,
CR05014AM,RED DINGO,Correa lisa,no,
CL00547,SPRENGER,Collar eslabón retorcido,no,
AL01250,KONG,KONG Snacks Liver,no,
JU04289,KONG,KONG Goodie Ribbon,no,
HU69903,HUNTER,Collar Love,no,
CR05043SLR,RED DINGO,Correa Style,no,
HU91368,HUNTER,Comedero de Melamina,no,
HU68673,HUNTER,Cushion Dog/Cat Loppa 60 cm Polyester white,no,
JU03944,KONG,KONG Puppy Ball,no,
HU204898,HUNTER,Comedero Luton,no,
HU203465,HUNTER,Abrigo Paxson,no,
HU201798,HUNTER,Arnés Soho Mini,no,
PT05064TQ,RED DINGO,Petral No-Pull,no,
HU201777,HUNTER,Correa Divo Up,no,
PT05063MO,RED DINGO,Petral No-Pull,no,
PT05044PIR,RED DINGO,Petral Style,no,
CA04005GR,DGS,Dirty dog doormat,no,
KVP0011,KVP,KONG Quick Fit,no,
HU66607,HUNTER,Arnés Hilo Comfort,no,
HU208560,HUNTER,COLLAR HAVANNA 50/M PLASTIC TAUPE/SMOKY BLUE,no,
HU66606,HUNTER,Arnés Hilo Comfort,no,
HU63131,HUNTER,Collar Convenience,no,
PT05041STV,RED DINGO,Petral Style,no,
CL03010FX,RED DINGO,Collar liso gato,no,
HU61802,HUNTER,Colchón Antibacterias Gent,no,
HU208649,HUNTER,SOFA ORTHOPEDIC CORBIE 100X70 CM POLYESTER ANTHRACITE,no,
HU66628,HUNTER,Collar Hilo Vario Basic,no,
KVP0007,KVP,Betsy Collar,no,
HU208488,HUNTER,COLLAR HAVANNA 50/M PLASTIC BLACKBERRY,no,
HU208428,HUNTER,COLLAR HAVANNA 30-45/M PLASTIC BLACK,no,
COA47205A,COMPANY OF ANIMALS,Halti anatomy correa multiposición,no,
PT05024BL,RED DINGO,Petral liso,no,
HU42825,HUNTER,Collar Swiss,no,
HU47539,HUNTER,Collar Vario Basic Alu - Strong,no,
HU69687,HUNTER,Collar Inari Alu - Strong,no,
KVP0012,KVP,KONG Quick Fit,no,
HU66682,HUNTER,Arnés Hilo Comfort,no,
HU69772,HUNTER,Arnés Maldon Up,no,
COA29121B,COMPANY OF ANIMALS,Carsafe Dog Travel Harness,no,
CL05041SPB,RED DINGO,Collar Style,no,
HU204877,HUNTER,Comedero Chester,no,
COCOSI169,COCOSI,Estofado casero para perro de ternera,no,
HU47541,HUNTER,Collar Vario Basic Alu - Strong,no,
CL05043STV,RED DINGO,Collar Style,no,
MFE033969,MEN FOR SAN,Champú antiinsectos repelente para caballos,no,
JU03135,KONG,KONG Senior Rubber Toys,no,
JU03715,KONG,KONG Cuteseas Octopus,no,
HU68134,HUNTER,Arnés London Comfort Marrón,no,
CL05011MO,RED DINGO,Collar liso perro,no,
HU68672,HUNTER,Cushion Dog/Cat Loppa 50 cm Polyester white,no,
KVP0340,KVP,Vara de control y recambio,no,
HU68090,HUNTER,Arnés London Comfort Antracita,no,
COA47113A,COMPANY OF ANIMALS,Halti anatomy arnés burdeos,no,
PT05041SCG,RED DINGO,Petral Style,no,
HU63139,HUNTER,Collar Convenience,no,
HU67165,HUNTER,Collar Hilo Vario Basic,no,
HU66650,HUNTER,Collar Hilo Vario Plus,no,
HU201818,HUNTER,Arnés Soho Mini,no,
JU03475,KONG,KONG Goodie Bone with rope,no,
PT05061FX,RED DINGO,Petral No-Pull,no,
JU04386,KONG,KONG Ogee Stick Assorted,no,
HU69802,HUNTER,Arnés Hilo Comfort,no,
CR05017MA,RED DINGO,Correa lisa multiposición,no,
JU04092,KONG,KONG Dotz Triangle,no,
PT05050TQ,RED DINGO,Petral acolchado Red Dingo,no,
HU203340,HUNTER,Collar VB ALU-Strong,no,
HU64113,HUNTER,Collar Neopren Reflect,no,
PT05023NE,RED DINGO,Petral liso,no,
COA15424ZG1,COMPANY OF ANIMALS,Arnés halti antitirones,no,
PT05051FX,RED DINGO,Petral acolchado Red Dingo,no,
PT05053MO,RED DINGO,Petral acolchado Red Dingo,no,
HU42829,HUNTER,Collar Swiss,no,
CL00222,SPRENGER,Collar eslabón retorcido,no,
HU92088,HUNTER,Comedero de Melamina,no,
HU66591,HUNTER,Collar Hilo Vario Plus,no,
COA47101A,COMPANY OF ANIMALS,Halti anatomy arnés gris,no,
CL03051MA,RED DINGO,Collar liso extra-ancho,no,
COA47306ZG1,COMPANY OF ANIMALS,ANATOMY COLLAR TURQUESA M,no,
KVP0370,KVP,Camiseta de recuperación,no,
HU66588,HUNTER,Collar Hilo Vario Basic,no,
CL05012FX,RED DINGO,Collar liso perro,no,
